{"interview_performance": {"pace": {"score": 58.689628883371974, "description": "Pace assessment"}, "tone": {"score": 49.49577432951888, "description": "Tone assessment"}, "clarity": {"score": 63.56235418920001, "description": "Clarity assessment"}, "empathy": {"score": 67.56456739955816, "description": "Empathy assessment"}, "relevancy": {"score": 57.64232265763796, "description": "Relevancy assessment"}, "sentiment": {"score": 63.16897589326517, "description": "Sentiment assessment"}, "confidence": {"score": 66.38094273605273, "description": "Confidence assessment"}, "completeness": {"score": 56.463079835098085, "description": "Completeness assessment"}, "average_score": 60.37095574046287}, "job_compatibility": {"professional_competencies": {"overall": 58.42888320624837, "leadership_management": 55.658045894259615, "problem_solving_decision_making": 66.6747424359016, "communication_skills": 58.33417151711575, "cognitive_adaptability": 64.1830494095852}, "work_style_ethics": {"overall": 65.34236567686521, "work_approach": {"proactive": 65.30995082885933, "reactive": 38.3869012620613}, "team_dynamics": {"collaborative": 72.14038312814836, "independent": 20.51793927019793}, "work_ethic": {"diligence": 77.924077463374, "efficiency": 62.259944114868084}}, "personality_compatibility": {"overall": 65.8702523577543, "openness_conventionality": {"openness": 58.47969804990969, "conventionality": 22.927950112433724}, "perfectionism_flexibility": {"perfectionism": 38.017124008183224, "flexibility": 53.19999605842251}, "extraversion_introversion": {"extraversion": 56.896129973826696, "introversion": 40.57632217464337}, "agreeableness_assertiveness": {"agreeableness": 71.90427277501765, "assertiveness": 62.826836537619776}}, "career_growth": {"overall": 67.6436863787732, "ambition_drive": 52.24947165423813, "risk_attitude": {"risk_taker": 54.52070570652934, "conservative": 35.87098696472371}, "career_focus": {"specialist": 58.221206926384426, "generalist": 33.46360797843585}, "learning_orientation": 69.91859500171077}, "stress_management": {"overall": 51.98109738638283, "stress_response": {"resilient": 52.204300366459535, "sensitive": 27.22400927000509}, "work_life_balance": 73.38571827003949, "pressure_handling": 67.46887806164989, "recovery_ability": {"quick": 56.56359920988067, "gradual": 41.81322002935294}}, "cultural_fit": {"overall": 60.82475311421913, "organizational_culture": 61.77715272761724, "cultural_sensitivity": 77.20557354467711, "social_responsibility": 50.11389527721376, "adaptability_structure": {"flexible": 82.50174414042142, "traditional": 22.59000328680476}}, "average_score": 61.68183968670717}}